City,Temperature,Condition
Accra,Mon 7:21 pm,
Addis Ababa,Mon 10:21 pm,
Adelaide,Tue 4:51 am,
Algiers,Mon 8:21 pm,
Almaty,Tue 12:21 am,
Amman,Mon 10:21 pm,
Amsterdam,Mon 9:21 pm,
Anadyr,Tue 7:21 am,
Anchorage,Mon 11:21 am,
Ankara,Mon 10:21 pm,
Antananarivo,Mon 10:21 pm,
Asuncion,Mon 4:21 pm,
Athens,Mon 10:21 pm,
Atlanta,Mon 3:21 pm,
Auckland,Tue 7:21 am,
Bangkok,Tue 2:21 am,
Barcelona,Mon 9:21 pm,
Beijing,Tue 3:21 am,
Beirut,Mon 10:21 pm,
Belgrade,Mon 9:21 pm,
Bengaluru,Tue 12:51 am,
Berlin,Mon 9:21 pm,
Bogota,Mon 2:21 pm,
Boston,Mon 3:21 pm,
Brasilia,Mon 4:21 pm,
Brisbane,Tue 5:21 am,
Brussels,Mon 9:21 pm,
Bucharest,Mon 10:21 pm,
Budapest,Mon 9:21 pm,
Buenos Aires,Mon 4:21 pm,
Cairo,Mon 10:21 pm,
Calgary,Mon 1:21 pm,
Canberra,Tue 5:21 am,
Cape Town,Mon 9:21 pm,
Caracas,Mon 3:21 pm,
Casablanca,Mon 8:21 pm,
Chicago,Mon 2:21 pm,
Copenhagen,Mon 9:21 pm,
Dallas,Mon 2:21 pm,
Dar es Salaam,Mon 10:21 pm,
Darwin,Tue 4:51 am,
Denver,Mon 1:21 pm,
Detroit,Mon 3:21 pm,
Dhaka,Tue 1:21 am,
Dubai,Mon 11:21 pm,
Dublin,Mon 8:21 pm,
Edmonton,Mon 1:21 pm,
